{
  "collapse-filter": false,
  "search": "",
  "showTags": true,
  "showAttachments": true,
  "hideUnresolved": false,
  "showOrphans": false,
  "collapse-color-groups": false,
  "colorGroups": [
    {
      "query": "path:Квесты  ",
      "color": {
        "a": 1,
        "rgb": 16711680
      }
    },
    {
      "query": "path:Страны  ",
      "color": {
        "a": 1,
        "rgb": 4799005
      }
    },
    {
      "query": "path:Персонажи  ",
      "color": {
        "a": 1,
        "rgb": 11206400
      }
    },
    {
      "query": "path:Круги  ",
      "color": {
        "a": 1,
        "rgb": 16777215
      }
    },
    {
      "query": "path:\"Точки интереса\"  ",
      "color": {
        "a": 1,
        "rgb": 295255
      }
    }
  ],
  "collapse-display": false,
  "showArrow": false,
  "textFadeMultiplier": 0,
  "nodeSizeMultiplier": 1,
  "lineSizeMultiplier": 1,
  "collapse-forces": false,
  "centerStrength": 0.518713248970312,
  "repelStrength": 10,
  "linkStrength": 1,
  "linkDistance": 250,
  "scale": 0.6875489714275982,
  "close": true
}